id,host_id,neighbourhood_id,latitude,longitude,property_type,room_type,accommodates,price,minimum_nights,maximum_nights,availability_365,instant_bookable
15663857,20830,6,40.78132905,-73.9473216,Apartment,Private room,2,55,1,40,56,f
9836960,38064272,1,40.68534683,-73.95036277,Apartment,Private room,1,30,1,1125,0,f
6976282,14935858,5,40.76163851,-73.99055674,Apartment,Private room,2,99,1,29,230,t
17682955,54677014,4,40.82278956,-73.95170483,Apartment,Private room,2,75,2,10,166,t
16058148,22693119,4,40.8305682,-73.94602461,Apartment,Entire home/apt,4,109,5,30,15,f
14520743,33518883,5,40.76106288,-73.99147993,Apartment,Private room,2,95,4,1125,5,t
4680566,2313878,4,40.82073847,-73.95366787,Apartment,Private room,1,55,10,1125,292,t
15507495,99623586,8,40.71406463,-73.94678626,House,Entire home/apt,16,899,2,1125,307,t
6993862,35606248,8,40.70570786,-73.92774048,Apartment,Private room,2,70,1,1125,349,t
11822434,62974212,2,40.69930606,-73.92067078,Apartment,Entire home/apt,2,120,3,8,48,f
13689706,46083939,1,40.69007737,-73.92661262,Apartment,Entire home/apt,3,120,1,30,20,f
14959206,41177070,8,40.71279443,-73.9444321,Apartment,Entire home/apt,2,150,3,15,14,f
16362505,63735213,1,40.68167882,-73.92390746,House,Private room,2,150,1,29,132,f
18007924,10113653,2,40.69334498,-73.92172432,Apartment,Private room,1,55,2,30,41,f
6987677,14935858,5,40.76091398,-73.99072194,Apartment,Private room,2,109,1,29,212,t
16650612,24805629,5,40.76486411,-73.98682225,Apartment,Entire home/apt,2,200,3,1125,1,t
9380474,48578050,8,40.71438556,-73.96256122,Apartment,Private room,2,50,3,1125,0,f
3980218,20630225,3,40.72814942,-73.98804181,Apartment,Entire home/apt,4,160,2,1125,311,f
4457654,1480847,2,40.68910035,-73.91859825,Loft,Private room,2,57,2,30,175,f
140237,668326,1,40.68770089,-73.93374122,House,Entire home/apt,3,140,3,365,285,f
4021957,11279301,5,40.76456329,-73.98705219,Apartment,Entire home/apt,4,185,1,250,269,t
16560593,35998113,1,40.68186019,-73.91188199,Apartment,Shared room,2,31,2,7,280,f
215172,5926,4,40.82675525,-73.94813469,Apartment,Private room,3,60,3,365,141,t
9770459,49293531,1,40.68123667,-73.94188156,House,Private room,2,75,10,1125,165,f
870246,1872543,2,40.69238568,-73.9082078,Apartment,Private room,1,65,2,180,323,f
6467744,645887,8,40.71323284,-73.9469948,Other,Entire home/apt,2,139,2,1125,141,f
13996328,26073486,5,40.75778614,-73.99998198,Apartment,Entire home/apt,3,220,2,1125,123,f
13941308,82921914,4,40.81921882,-73.95275618,Apartment,Private room,2,69,2,8,25,t
5152230,26640253,4,40.82383327,-73.94639113,Apartment,Private room,3,65,1,28,290,t
13714575,10296495,7,40.80078737,-73.95934219,Apartment,Shared room,1,49,3,29,74,f
15997148,200060,1,40.69092284,-73.92866062,House,Entire home/apt,6,150,2,1125,115,f
8389905,44207716,2,40.70096608,-73.92251402,Apartment,Private room,1,41,2,29,304,f
17591356,99245631,6,40.77185801,-73.95402375,Apartment,Private room,2,90,2,1125,0,f
5010456,9356744,1,40.68765804,-73.95958806,Apartment,Private room,2,65,2,7,205,f
16883813,5302735,4,40.80494537,-73.95560377,Apartment,Private room,2,49,3,20,0,t
13998223,61292168,4,40.81216805,-73.94691771,Apartment,Entire home/apt,4,150,4,1125,42,f
9629178,6279234,7,40.77824025,-73.986184,Apartment,Entire home/apt,2,180,25,30,77,f
10179210,19072464,2,40.69308779,-73.90579822,Apartment,Private room,2,45,2,60,111,f
1042416,5738733,1,40.69235187,-73.93835533,Apartment,Entire home/apt,5,110,2,30,315,f
17031448,5326939,4,40.80160011,-73.94938683,Apartment,Entire home/apt,4,110,2,30,45,f
4150060,21090508,2,40.69775242,-73.93454911,Apartment,Private room,2,82,5,180,120,t
8367572,44101751,1,40.68190939,-73.94327695,Apartment,Entire home/apt,5,140,1,21,350,f
6416059,6312248,1,40.68639355,-73.92956979,House,Private room,2,65,2,12,310,f
16782804,38395419,3,40.72204971,-73.97993697,Apartment,Entire home/apt,3,120,3,1125,166,t
16353485,32545798,8,40.71442517,-73.96154443,Apartment,Private room,2,45,1,1125,0,f
15771318,924614,5,40.76002604,-73.98872495,Apartment,Entire home/apt,3,239,1,1125,343,f
4490787,23188519,1,40.69370366,-73.95057142,House,Private room,2,77,1,1125,345,t
16009487,69613456,4,40.80891141,-73.94247402,Apartment,Entire home/apt,5,200,1,1125,324,t
6466679,33067672,2,40.69200528,-73.9241506,Apartment,Private room,2,65,5,1125,136,f
17973764,17290200,8,40.70529701,-73.93676351,Apartment,Private room,2,40,1,14,0,f
5107,7332,1,40.69299235,-73.95842873,Apartment,Entire home/apt,6,250,3,30,7,f
13914201,324628,4,40.80402878,-73.95124587,Townhouse,Entire home/apt,4,169,4,29,90,t
15882274,56551795,7,40.79369216,-73.96539341,Apartment,Entire home/apt,2,150,2,1125,0,f
4978241,271527,4,40.8100467,-73.94003318,Apartment,Entire home/apt,4,170,3,1125,322,f
66718,136227,4,40.81322146,-73.9530561,Apartment,Entire home/apt,5,128,6,365,183,t
6038510,24762401,1,40.69095375,-73.94928959,Apartment,Private room,2,65,1,1125,357,t
1308308,7112116,5,40.762484,-73.98596838,Apartment,Entire home/apt,4,419,2,1125,342,f
16795503,49100137,2,40.69228182,-73.91399062,House,Private room,5,33,1,14,213,f
9093219,47411697,4,40.81184556,-73.94579372,Townhouse,Private room,4,90,2,14,298,f
6005910,23044811,1,40.68569391,-73.94358403,Apartment,Entire home/apt,7,99,2,12,150,t
6464254,6416562,2,40.70003916,-73.91790502,Apartment,Private room,2,62,1,4,11,t
3304670,7751265,7,40.77469829,-73.98798836,Apartment,Shared room,2,89,1,10,66,f
6412888,26405086,4,40.8005255,-73.95465567,Apartment,Private room,3,115,3,1125,356,f
15773521,41213523,3,40.73085414,-73.98922739,Apartment,Entire home/apt,3,250,2,100,95,f
1450685,2071641,1,40.69006256,-73.92643005,Apartment,Private room,1,51,4,354,121,f
16259441,46660053,8,40.71311159,-73.95331945,Apartment,Private room,2,70,2,1125,25,f
11227558,58514808,8,40.71319074,-73.95806914,Apartment,Entire home/apt,4,171,1,1125,299,f
829215,1544412,8,40.71753747,-73.96296219,Apartment,Private room,2,100,4,1000,267,t
12684389,68931469,5,40.75613724,-73.99261148,Apartment,Entire home/apt,2,199,3,15,52,f
16931621,36457617,4,40.81973126,-73.95446279,Apartment,Private room,1,39,7,1125,114,t
269337,1411028,7,40.79699076,-73.97245198,Apartment,Entire home/apt,4,250,30,40,314,f
13713841,80102605,1,40.68051907,-73.94615417,Apartment,Entire home/apt,4,100,2,1125,1,t
13427968,78258,4,40.82290952,-73.94957698,Apartment,Entire home/apt,2,79,5,20,35,f
16255259,91314017,3,40.72720793,-73.97834209,Apartment,Private room,1,100,1,1125,349,t
12720048,68787921,1,40.68807054,-73.9234808,House,Private room,2,47,4,1125,127,f
15938757,25533,3,40.7202444,-73.97914404,Apartment,Private room,2,115,1,1125,122,f
12547225,67999061,2,40.69509895,-73.93117738,Apartment,Private room,2,65,2,360,270,f
10780526,8231498,8,40.70575831,-73.92948745,Apartment,Entire home/apt,4,120,2,1125,173,f
3016563,10962595,5,40.76573686,-73.99134588,Apartment,Entire home/apt,3,149,2,1125,222,f
10167860,21430239,3,40.72827937,-73.98900579,Apartment,Private room,2,119,1,1125,26,f
770729,4065785,8,40.71656137,-73.95494242,Apartment,Private room,2,114,2,29,159,t
8534893,406843,3,40.72903517,-73.97946079,Apartment,Private room,2,99,2,1125,172,f
16052733,103503018,4,40.82918679,-73.94031003,Apartment,Private room,3,70,1,1125,344,f
187611,818487,7,40.78050295,-73.97651598,Apartment,Private room,2,99,7,60,68,f
1005416,5529633,4,40.80132316,-73.95568101,Apartment,Shared room,2,80,1,7,360,f
7037791,36899834,1,40.687402,-73.93830024,Apartment,Entire home/apt,6,180,3,28,317,f
16377359,4670218,5,40.76005944,-73.99018056,Apartment,Private room,2,110,1,1125,73,f
7871858,10659447,1,40.68439026,-73.95230873,Apartment,Entire home/apt,5,135,5,1125,256,f
4879363,25101276,1,40.68545145,-73.94108171,Apartment,Private room,3,65,1,7,101,f
1910306,2823224,7,40.78167631,-73.98505458,Apartment,Entire home/apt,3,125,2,30,5,f
14014272,14061862,8,40.70162353,-73.94537189,Apartment,Private room,4,75,1,1125,323,t
7501556,19285672,1,40.68887026,-73.95257809,Apartment,Entire home/apt,3,135,10,35,80,f
159380,764836,1,40.69241412,-73.95869751,Loft,Private room,4,90,4,150,79,f
15203342,2222500,6,40.77799086,-73.94935201,Apartment,Private room,2,80,2,1125,155,f
953753,5117731,2,40.69987614,-73.91735377,Apartment,Private room,2,44,2,30,235,f
4083049,1335736,1,40.68633781,-73.9251583,House,Entire home/apt,5,315,4,30,292,f
18181026,31449019,2,40.69651724,-73.9211374,Townhouse,Private room,3,65,1,1125,143,t
16238779,36382944,8,40.71519924,-73.96229823,Apartment,Entire home/apt,6,149,1,1125,38,f
12821248,951223,1,40.68328198,-73.94933383,Apartment,Entire home/apt,2,140,3,1125,89,f
17652581,1202402,3,40.72562064,-73.98558149,Apartment,Entire home/apt,3,165,2,1125,68,f
4784817,23988331,8,40.70696857,-73.93012844,Apartment,Private room,2,65,1,1125,348,t
11585636,60110818,4,40.82822047,-73.94057722,Apartment,Entire home/apt,2,100,3,1125,337,f
16063707,1040374,8,40.71160193,-73.96542615,Apartment,Entire home/apt,2,125,4,1125,0,t
13059666,65639944,3,40.72473415,-73.98943034,Townhouse,Entire home/apt,8,600,1,1125,279,f
505835,1559494,8,40.71260149,-73.94972984,House,Private room,3,100,2,30,299,f
12941500,39943298,7,40.79444227,-73.9673859,Apartment,Private room,2,100,4,1125,0,f
8845289,46322064,4,40.81146813,-73.94710317,Apartment,Entire home/apt,6,290,5,1125,298,f
13389082,9679974,3,40.72965766,-73.98187221,Guesthouse,Entire home/apt,4,140,2,1125,49,f
6006387,31181172,4,40.82442172,-73.95202731,Apartment,Private room,2,50,20,90,272,f
4984907,4821219,8,40.70946213,-73.94178974,Apartment,Private room,2,75,1,1125,360,f
14916875,6971228,1,40.68231324,-73.92677474,Other,Private room,4,100,1,1125,14,f
7789408,26377263,2,40.7046844,-73.91682815,Apartment,Private room,2,47,2,1125,266,f
13362,52043,8,40.71502184,-73.95809808,Apartment,Entire home/apt,2,113,30,60,57,f
17875002,10387304,3,40.73057083,-73.98599569,Apartment,Private room,2,125,1,1125,358,f
16086086,71545855,4,40.81722745,-73.93615458,Apartment,Entire home/apt,2,150,1,3,245,t
12764005,7465850,2,40.69760948,-73.92494729,Apartment,Entire home/apt,2,120,7,1125,270,f
4865749,25028594,2,40.7053576,-73.92086738,Apartment,Entire home/apt,2,95,24,1125,306,f
708374,315918,7,40.79853733,-73.96089358,Apartment,Private room,3,99,2,30,320,t
5491149,59185,6,40.762723,-73.96774527,Apartment,Entire home/apt,4,169,4,1125,35,f
159749,54275,1,40.67963329,-73.9390825,House,Private room,3,80,1,365,242,f
4129513,18397763,1,40.68707102,-73.93246611,Apartment,Private room,2,56,2,1125,231,t
8474806,44630169,4,40.82725056,-73.94530088,Apartment,Entire home/apt,2,68,2,90,9,f
27759,119900,7,40.77842092,-73.97555966,Apartment,Entire home/apt,2,170,7,30,138,t
14341006,1767228,8,40.70961751,-73.95009737,Apartment,Private room,2,75,2,1125,0,f
15223114,10453313,3,40.72561073,-73.98570337,Apartment,Private room,2,101,3,1125,247,f
4124231,21394524,3,40.72327087,-73.98058475,Apartment,Entire home/apt,2,150,1,1125,137,f
1971540,10179999,7,40.77020794,-73.98720828,Apartment,Private room,2,155,1,1125,352,f
13551312,78030531,5,40.7615664,-73.9996865,Apartment,Entire home/apt,7,325,1,1125,46,f
17692747,120528996,1,40.68631416,-73.92741279,Apartment,Entire home/apt,6,200,1,1125,292,t
8406689,11395111,1,40.69247158,-73.93874619,House,Private room,2,65,2,30,61,f
15340208,59012955,6,40.76078593,-73.96059334,Condominium,Entire home/apt,4,115,3,1125,105,f
16257710,106307344,3,40.73215133,-73.98849529,Apartment,Entire home/apt,5,271,1,1125,297,f
10104449,4322085,7,40.78671361,-73.97367408,Apartment,Entire home/apt,4,150,3,1125,5,f
1747440,4069585,8,40.71230263,-73.96233097,Apartment,Entire home/apt,4,175,2,1125,356,f
17241355,39142433,5,40.75924416,-73.99498135,Apartment,Entire home/apt,3,169,2,1125,19,f
14369625,35588948,8,40.71334977,-73.94331497,Apartment,Entire home/apt,7,175,2,1125,365,f
14312497,38681372,6,40.76644239,-73.95635264,Apartment,Entire home/apt,2,99,1,1125,31,f
16667077,104003904,7,40.79822374,-73.9638097,Apartment,Private room,2,95,1,60,140,t
15113479,79321760,4,40.82158496,-73.95591633,House,Entire home/apt,10,240,4,29,254,f
8860169,23032967,8,40.71959547,-73.96248969,Apartment,Private room,1,85,1,150,203,t
12739861,65769513,6,40.78084732,-73.94814724,Apartment,Private room,2,75,2,1125,12,f
16283931,103114782,1,40.69285398,-73.95124191,Apartment,Private room,4,75,1,1125,315,t
7483910,13667779,4,40.82294537,-73.93837488,Apartment,Private room,2,47,2,1125,149,f
10887847,56420582,7,40.79768563,-73.96310066,Apartment,Private room,2,89,1,15,207,f
17462383,118255440,7,40.79371009,-73.96794042,Apartment,Entire home/apt,2,165,4,999,63,f
8439595,4304435,3,40.72496982,-73.98548557,Apartment,Entire home/apt,3,229,3,22,292,f
15902320,28230496,3,40.72290534,-73.97971741,Apartment,Private room,2,110,1,1125,326,t
17946044,106606306,5,40.7591186,-73.99459304,Apartment,Shared room,4,68,1,1125,0,f
4239628,17575026,6,40.77579893,-73.94881477,Apartment,Entire home/apt,2,99,1,1125,49,f
16438038,40630037,8,40.70785622,-73.94820578,Apartment,Private room,1,65,2,7,0,f
6449703,149009,2,40.69661917,-73.92203943,Apartment,Private room,2,50,3,365,88,f
10257476,5903619,5,40.76463807,-73.99403394,Apartment,Private room,1,135,1,1125,281,f
14148897,85466261,4,40.80439043,-73.95068137,Apartment,Entire home/apt,4,100,1,365,341,f
9170129,46973966,4,40.79938741,-73.95470434,Apartment,Entire home/apt,4,249,5,1125,268,f
13315553,75270085,6,40.77440395,-73.95313914,Apartment,Entire home/apt,3,300,1,1125,25,t
3533777,17791467,4,40.82233174,-73.93779251,Apartment,Private room,2,49,2,89,299,f
6107389,31690220,5,40.76539592,-73.99197545,Apartment,Entire home/apt,4,599,1,1125,359,f
12274916,4285208,6,40.77346345,-73.95589603,Apartment,Entire home/apt,2,175,3,1125,333,f
17297799,17518837,8,40.71789604,-73.95701856,Apartment,Private room,1,72,21,50,0,f
15202003,41830275,5,40.75774226,-73.99319266,Condominium,Entire home/apt,7,199,1,1125,212,t
15420920,2776551,7,40.78472635,-73.97651268,Apartment,Entire home/apt,2,150,2,1125,60,f
4786675,23852000,8,40.71975463,-73.96285004,Apartment,Entire home/apt,2,250,30,180,215,f
7323186,11636913,5,40.76689978,-73.98638441,Loft,Entire home/apt,2,150,1,1125,111,f
4476945,23228839,4,40.81055846,-73.94626739,Apartment,Entire home/apt,5,149,3,28,356,f
9415290,48817598,6,40.77091628,-73.94882263,Apartment,Entire home/apt,4,100,1,1125,270,f
16346574,107034075,6,40.76308939,-73.95687252,Apartment,Entire home/apt,2,110,1,7,195,t
18240023,126007495,4,40.82119253,-73.9545616,Apartment,Private room,4,65,1,29,349,t
9196586,47839633,6,40.77418821,-73.9534134,Apartment,Entire home/apt,4,146,1,1125,285,t
18141809,5273555,5,40.75962151,-73.99184682,Apartment,Entire home/apt,2,150,1,1125,0,f
17591415,94719542,6,40.7693182,-73.96301847,Apartment,Private room,2,102,2,90,62,f
14429443,88799471,8,40.71449176,-73.94856637,Apartment,Entire home/apt,4,340,1,1125,82,f
9516142,42597922,8,40.71171246,-73.95704469,Apartment,Entire home/apt,6,360,1,1125,247,f
16128674,87895464,6,40.76206374,-73.95851758,Apartment,Shared room,1,53,4,1125,254,t
9677744,50001302,4,40.82475846,-73.94380415,Apartment,Entire home/apt,2,77,3,1125,70,f
4710429,24344600,3,40.72719411,-73.9851605,Apartment,Entire home/apt,7,375,1,1125,322,t
13604485,56352735,1,40.6877974,-73.95492897,Apartment,Entire home/apt,2,90,3,1125,1,t
17863480,122254080,6,40.77131376,-73.95454453,Apartment,Entire home/apt,6,275,4,1125,81,t
12534130,53213930,5,40.76029767,-73.99761767,Apartment,Entire home/apt,2,250,1,9,0,t
17435067,102128176,8,40.71467101,-73.96363364,Apartment,Private room,2,70,1,1125,85,f
15272871,97131241,5,40.7675659,-73.98735025,Apartment,Entire home/apt,2,189,1,1125,122,f
7128982,15533858,3,40.72789164,-73.97629355,Condominium,Entire home/apt,2,150,2,7,0,f
16718774,110806844,5,40.75993611,-73.98897563,Apartment,Private room,2,85,3,1125,321,f
16560254,109062266,7,40.80082216,-73.96026577,Apartment,Private room,2,89,3,90,252,f
12166912,50200840,3,40.72826529,-73.98629731,Apartment,Private room,2,110,3,1125,341,f
18207082,88566655,1,40.68787988,-73.95125544,Apartment,Private room,1,45,4,30,24,t
17510235,118692614,8,40.71575745,-73.95037013,Apartment,Entire home/apt,3,136,2,6,0,t
9737171,50238374,2,40.68804124,-73.91652092,Apartment,Private room,2,53,1,1125,258,f
9502150,49245656,4,40.80211001,-73.94573191,Apartment,Entire home/apt,3,150,3,1125,312,t
16004758,15980694,6,40.76434648,-73.95782044,Apartment,Entire home/apt,2,110,3,9,0,f
13256029,63492343,3,40.73008678,-73.98017613,Apartment,Entire home/apt,2,245,1,1125,354,t
12970748,1191016,3,40.72748282,-73.98382817,Apartment,Entire home/apt,2,179,2,1125,101,t
7749472,13667779,4,40.82453092,-73.93951957,Apartment,Private room,2,60,1,1125,321,f
8309731,43804373,6,40.76095851,-73.95963977,Apartment,Entire home/apt,1,250,1,3,0,t
11714524,62280511,7,40.80319431,-73.9661497,Apartment,Entire home/apt,3,212,2,5,348,f
17499533,118595418,3,40.72487352,-73.97869953,Apartment,Private room,1,65,1,15,80,f
11844276,63113334,5,40.76269206,-73.99005925,Apartment,Entire home/apt,5,184,1,30,314,t
17527985,24977105,6,40.76389417,-73.96784758,Apartment,Entire home/apt,6,369,3,1125,27,f
220946,1144415,3,40.72228933,-73.97901296,Apartment,Entire home/apt,3,146,2,90,92,f
9696357,48678883,6,40.76870672,-73.95478943,Apartment,Entire home/apt,5,177,1,1125,228,f
4362734,1602951,1,40.68394295,-73.94999364,Apartment,Private room,1,37,1,1125,339,f
15925992,77973372,6,40.77173473,-73.95255005,Apartment,Private room,2,120,3,30,335,f
13489891,54454582,5,40.76452268,-73.9915693,Apartment,Shared room,1,72,1,1125,0,t
16639117,21262929,5,40.76222786,-73.98861922,Apartment,Private room,2,88,1,1125,0,f
18120248,6473469,7,40.79487232,-73.96555246,Apartment,Entire home/apt,2,100,3,14,0,t
15361969,68997588,3,40.73189444,-73.99026766,Apartment,Entire home/apt,4,250,3,1125,22,f
16097244,8784018,1,40.68517949,-73.92084801,Apartment,Private room,2,40,28,28,81,f
14532944,31757926,5,40.76037986,-73.99447257,Apartment,Private room,4,175,1,5,86,f
12542544,64837317,5,40.76230557,-73.99519954,House,Entire home/apt,4,220,4,28,200,f
15570296,85683766,5,40.75496012,-73.99634494,Apartment,Entire home/apt,6,420,1,1125,151,t
14983069,92881248,2,40.69773464,-73.93278736,Apartment,Private room,2,69,1,1125,46,t
15237350,96869500,4,40.81886983,-73.93872264,Apartment,Entire home/apt,6,150,2,1125,85,t
18213360,124280354,5,40.75520055,-73.99949358,Apartment,Shared room,1,39,1,1125,18,t
15915159,103253068,4,40.81518682,-73.939563,Apartment,Private room,2,75,1,2,90,t
16050706,104502781,6,40.78022383,-73.9527838,Apartment,Private room,4,200,1,1125,168,f
4629211,3754729,2,40.69086598,-73.90916998,Apartment,Entire home/apt,3,104,2,14,155,f
7561175,16725437,8,40.71536599,-73.94223168,Apartment,Private room,2,89,1,1125,0,f
16667175,104003904,7,40.79998495,-73.96312994,Apartment,Private room,2,95,1,1125,149,t
17219225,58987434,6,40.77600109,-73.96165975,Apartment,Entire home/apt,3,110,1,1125,1,f
15127055,95310886,8,40.70740269,-73.95911331,Apartment,Private room,2,78,1,29,226,f
18124999,50735404,2,40.69213109,-73.92304119,Apartment,Private room,2,96,1,180,33,t
3430103,2637050,1,40.69350694,-73.9542362,Loft,Entire home/apt,7,300,30,1125,0,f
16971795,33119567,1,40.68797396,-73.95258041,Apartment,Shared room,1,16,5,365,343,t
16174929,22432953,8,40.70815555,-73.94822364,Apartment,Private room,2,54,4,1125,44,t
15599967,24239995,3,40.72910068,-73.97991426,Apartment,Entire home/apt,2,100,2,1125,50,f
15553484,36469631,3,40.72983888,-73.98659679,Apartment,Private room,2,100,1,1125,223,f
6261890,32537024,8,40.71234151,-73.94085244,Apartment,Entire home/apt,7,300,1,1125,110,f
15270164,10731567,4,40.82178654,-73.94116515,Apartment,Entire home/apt,4,120,2,1125,0,f
12234139,13089400,7,40.77116014,-73.9879589,Apartment,Entire home/apt,3,143,2,1125,0,f
14835710,92809802,7,40.80133474,-73.96981582,Apartment,Private room,2,85,1,3,13,t
15874007,18816650,2,40.70092144,-73.92079582,Apartment,Private room,2,45,1,1125,27,t
14808007,33682941,3,40.72705097,-73.98398319,Apartment,Private room,2,90,2,100,281,f
17952007,122945571,5,40.76178452,-73.99250992,Apartment,Shared room,1,55,3,1125,334,f
15600740,81114959,2,40.70025287,-73.93032198,Apartment,Private room,2,60,4,1125,57,f
16078776,103619582,1,40.6919337,-73.93110886,Apartment,Private room,2,65,3,1125,160,t
17170552,20408154,8,40.72200235,-73.95715463,Apartment,Private room,2,89,2,30,21,f
13684608,20421818,8,40.71888532,-73.95795639,Apartment,Entire home/apt,5,550,4,1125,326,f
1147836,2285895,7,40.77992266,-73.98688902,Apartment,Private room,2,191,2,29,122,f
16788137,111542307,1,40.69474137,-73.94262927,Apartment,Private room,2,30,2,365,341,t
14441627,88884610,5,40.75987472,-73.99008172,Apartment,Entire home/apt,2,130,30,250,150,t
14762427,75745468,5,40.75988543,-73.99264379,Dorm,Private room,2,110,1,5,27,f
5640394,240584,2,40.70010489,-73.93602325,Apartment,Entire home/apt,2,100,5,30,22,f
13564134,78176513,4,40.81497104,-73.94780836,Apartment,Entire home/apt,6,200,1,1125,287,f
16178326,106951,8,40.71763131,-73.94563416,Apartment,Entire home/apt,6,300,3,1125,364,f
17657132,120163479,1,40.69748936,-73.94807661,Apartment,Private room,2,75,1,14,4,f
5914715,20955484,8,40.70882764,-73.95475863,Apartment,Private room,2,75,3,1125,353,f
9344858,17433287,8,40.71895756,-73.95422995,Apartment,Private room,2,118,3,1125,68,f
14072298,34607915,3,40.72938435,-73.9827268,Apartment,Private room,2,120,1,1125,27,f
15791538,94492921,4,40.82697675,-73.94747074,Apartment,Private room,2,60,2,1125,37,f
6291144,30803178,8,40.71191771,-73.95574413,Apartment,Private room,2,60,3,45,36,f
16193887,105754272,6,40.77437408,-73.94850541,Apartment,Private room,1,80,2,28,331,f
6502731,173481,10,34.09932562,-118.3472033,Apartment,Entire home/apt,2,105,6,1125,81,f
3991929,1458653,15,33.9903706,-118.4742624,House,Entire home/apt,4,200,3,30,365,f
3664717,13274011,10,34.10489379,-118.3318125,Apartment,Entire home/apt,8,225,2,1125,365,t
10927168,32718754,10,34.09328489,-118.3325225,House,Entire home/apt,6,185,4,1125,78,t
15656752,11938891,12,33.78313872,-118.1397384,House,Entire home/apt,2,89,2,29,352,f
4395384,2400130,14,34.09203933,-118.2807732,Apartment,Private room,2,80,3,29,365,f
2381323,12166623,10,34.10297151,-118.3454458,Apartment,Entire home/apt,2,90,1,60,162,f
14558410,16968506,14,34.07937842,-118.278748,Cabin,Entire home/apt,2,120,4,1125,228,f
16440276,1483677,13,34.0245885,-118.4830928,Apartment,Entire home/apt,3,201,2,1125,296,t
4736710,15932437,15,33.97459642,-118.4610136,Apartment,Entire home/apt,7,451,1,365,266,t
10613200,3003959,15,33.99359444,-118.4570795,House,Entire home/apt,2,115,2,1125,4,f
5416903,230864,11,34.10530997,-118.3180677,Apartment,Entire home/apt,3,49,4,1125,332,f
11960804,35791316,12,33.80970015,-118.1957268,Bungalow,Entire home/apt,4,95,3,20,114,f
16135029,27720514,15,33.98894655,-118.4715148,Bungalow,Entire home/apt,4,126,1,1125,71,t
10546989,54390139,12,33.75825585,-118.1408843,Apartment,Entire home/apt,3,115,14,1125,160,f
53125,239712,13,34.01154594,-118.4956416,Apartment,Entire home/apt,2,130,2,365,262,t
2553441,13073898,14,34.10020259,-118.2558616,House,Entire home/apt,2,170,10,1125,116,f
14502437,89565142,16,34.08740281,-118.3606958,Apartment,Private room,2,90,2,1125,74,f
4236071,1001833,15,33.99431817,-118.4791173,Apartment,Entire home/apt,2,129,1,29,244,f
241228,1254174,15,33.98684245,-118.4735824,Dorm,Shared room,16,49,1,7,365,f
9716317,17683171,15,33.98980729,-118.4709033,House,Entire home/apt,6,275,3,1125,8,f
14883492,25900121,15,33.96713187,-118.4581153,Apartment,Entire home/apt,3,139,3,28,57,f
9331238,34405493,10,34.10095108,-118.3449806,House,Shared room,1,24,1,1125,159,t
1212226,6617962,15,34.00487132,-118.4588527,Apartment,Entire home/apt,2,92,2,1125,345,f
3869319,2676904,15,33.97339816,-118.4602024,House,Private room,2,82,1,1125,15,t
16393666,13856090,12,33.75568177,-118.1261458,House,Entire home/apt,14,625,3,1125,292,t
5660492,24534390,10,34.09963307,-118.3354031,Apartment,Entire home/apt,6,115,1,1125,315,f
1030265,5668985,16,34.07795136,-118.3887049,Apartment,Private room,3,119,2,5,0,f
14014074,10510640,14,34.08520859,-118.2679546,House,Private room,2,76,1,1125,350,f
230520,1204763,15,33.98928243,-118.4570669,Villa,Private room,3,63,1,1125,364,f
11609650,14365675,13,34.01514727,-118.4962641,Apartment,Private room,8,300,1,1125,337,f
17850291,121889957,13,34.022044,-118.4986634,Townhouse,Private room,2,100,1,7,88,f
1210239,6609493,10,34.08693154,-118.3409114,Apartment,Private room,2,65,2,31,142,t
560204,2754172,13,34.00271344,-118.4817723,House,Entire home/apt,5,285,5,330,236,f
13208418,26860,9,34.04750843,-118.2326762,Loft,Shared room,2,70,1,1125,73,t
14452128,56645377,9,34.04667768,-118.2509859,Apartment,Entire home/apt,2,129,3,1125,139,f
660620,3334620,12,33.82433512,-118.1988523,House,Private room,2,50,2,1125,280,t
1074359,2529389,13,34.00244364,-118.4815889,House,Private room,2,120,2,30,304,f
13600137,25400403,15,33.9902543,-118.471392,Bungalow,Entire home/apt,2,140,2,1125,364,f
1280331,1840423,11,34.10992546,-118.3203891,Apartment,Entire home/apt,2,79,3,90,71,f
13956788,58256818,14,34.08827776,-118.273375,Apartment,Entire home/apt,2,110,1,12,66,f
16873128,58286290,10,34.0994118,-118.3429864,Apartment,Private room,2,65,1,1125,11,t
12399934,67049004,14,34.08857023,-118.2672666,Bungalow,Entire home/apt,3,99,1,1125,76,f
12814984,37668833,15,33.98270853,-118.4619502,Apartment,Private room,4,110,1,1125,79,t
3678271,16188262,10,34.09129953,-118.3243417,House,Entire home/apt,2,85,2,28,251,f
6451264,33685661,15,33.99801855,-118.4757063,Apartment,Entire home/apt,2,155,1,1125,316,t
10273570,52829070,14,34.09248197,-118.2765364,House,Entire home/apt,6,260,3,90,363,f
2882744,213865,15,34.00231446,-118.4699421,House,Entire home/apt,3,99,1,31,302,f
16856834,112288263,13,34.00369202,-118.4745048,Apartment,Private room,1,90,3,20,29,t
2661116,79123,10,34.09580665,-118.3478487,Apartment,Private room,2,75,3,90,281,f
17996806,34300224,15,33.98763361,-118.4738122,Apartment,Entire home/apt,2,199,3,20,122,t
12401724,66206065,10,34.0898861,-118.3130567,House,Private room,3,50,1,1125,356,f
12613095,38097633,13,34.02150103,-118.5036813,Condominium,Entire home/apt,6,525,2,365,68,f
3082103,7546329,10,34.10108177,-118.3416819,Apartment,Entire home/apt,6,169,1,1125,349,f
1059849,1187971,14,34.07926641,-118.2723746,House,Entire home/apt,2,130,2,14,317,f
14361211,3475390,13,34.01539962,-118.4909614,Apartment,Private room,6,150,4,60,82,f
10420029,16501642,12,33.76760367,-118.1878922,Condominium,Entire home/apt,3,72,4,365,333,f
10836399,12572114,12,33.79205466,-118.1429776,Apartment,Entire home/apt,2,100,1,1125,51,t
8615468,9075429,15,33.99269398,-118.4707037,House,Entire home/apt,3,244,1,1125,332,t
7772909,3483671,10,34.09246987,-118.3258354,Apartment,Entire home/apt,4,114,1,1125,109,t
5280083,3560243,15,34.00051269,-118.4676441,Other,Entire home/apt,4,118,1,14,312,f
692712,2101623,15,33.99287471,-118.4778599,Apartment,Entire home/apt,10,210,1,365,226,f
8000915,41084092,15,33.99084061,-118.4738566,Apartment,Entire home/apt,3,175,1,1125,346,t
5839833,17405769,16,34.08818804,-118.3884261,House,Entire home/apt,1,119,4,1125,169,f
1733479,9130125,14,34.1020479,-118.2621722,Apartment,Entire home/apt,2,108,2,28,339,f
5838962,29065360,10,34.10357449,-118.3298601,Apartment,Entire home/apt,5,140,1,1125,296,t
12663817,3340373,16,34.09212934,-118.3458558,Townhouse,Entire home/apt,4,260,2,1125,277,f
6020465,22582183,16,34.09310739,-118.3564144,House,Private room,4,100,1,14,170,f
4989680,1984131,15,33.98844731,-118.4659484,House,Entire home/apt,7,500,3,1125,249,f
17622948,6660841,14,34.10464314,-118.269684,Apartment,Entire home/apt,5,135,2,1125,306,f
7114260,10654388,15,33.98666137,-118.4717187,Apartment,Entire home/apt,8,425,1,1125,331,f
12585980,66206065,10,34.08837309,-118.3133985,House,Shared room,3,38,1,1125,365,f
12916928,32849851,11,34.11527902,-118.326597,Apartment,Entire home/apt,3,124,2,60,72,f
9459954,1015393,13,34.01215003,-118.48002,House,Private room,4,110,1,120,295,t
11551475,5796800,15,33.99577343,-118.4796823,House,Private room,1,145,2,1125,364,f
13586906,78453282,16,34.093204,-118.359128,Apartment,Entire home/apt,7,119,1,1125,346,f
4286567,19298557,10,34.09389476,-118.3380382,Apartment,Entire home/apt,6,135,7,60,324,f
13344774,74351503,15,34.00045881,-118.4609108,House,Entire home/apt,5,410,3,1125,33,f
7618587,32013303,13,34.0270114,-118.505792,Condominium,Entire home/apt,4,300,1,1125,365,f
1226155,4163838,14,34.08168499,-118.2843058,House,Entire home/apt,6,150,7,1125,330,f
7827072,40702352,9,34.06087063,-118.2447577,Apartment,Entire home/apt,6,149,2,30,59,t
17879495,5181789,15,33.99478239,-118.478787,Apartment,Entire home/apt,2,145,1,1125,356,f
11680340,4597097,10,34.08731403,-118.3136502,Apartment,Entire home/apt,3,99,2,1125,316,f
16901397,111826945,15,33.99009393,-118.4596969,House,Shared room,1,35,1,1125,90,t
300476,1547695,15,34.00028962,-118.4622135,House,Private room,2,79,2,30,345,f
11376136,57018721,15,33.99586307,-118.4717043,House,Entire home/apt,4,204,3,1125,84,t
14088307,1809422,14,34.08145359,-118.2782247,House,Private room,2,84,3,15,83,f
951927,591673,12,33.76927158,-118.1697141,Condominium,Private room,2,60,1,7,310,t
14569082,82897267,13,34.03650028,-118.4678626,Apartment,Entire home/apt,4,146,1,180,81,f
15854057,102728360,9,34.0625271,-118.2464019,Apartment,Private room,2,99,1,7,343,f
10734370,18113577,15,33.98927479,-118.4694378,Apartment,Entire home/apt,2,99,1,1125,196,f
9138111,10079257,10,34.10409962,-118.3336384,Apartment,Entire home/apt,2,115,4,180,115,f
17641941,20383529,15,33.98079991,-118.4698042,Condominium,Entire home/apt,5,199,1,1125,31,f
3646194,18419978,12,33.76789123,-118.1819929,Apartment,Entire home/apt,4,200,2,29,356,f
1971900,3606205,13,34.00772205,-118.4879614,House,Entire home/apt,8,895,2,20,356,f
10057356,51612412,11,34.10541972,-118.3154025,Condominium,Private room,2,60,28,1125,358,f
16857801,30572195,10,34.10166535,-118.3316145,Apartment,Entire home/apt,6,165,1,1125,338,t
16417391,40225166,10,34.09551636,-118.3446144,Apartment,Entire home/apt,4,115,2,28,321,t
15532790,2316498,12,33.79800861,-118.1969462,Guesthouse,Entire home/apt,3,47,2,1125,229,f
12388941,7660373,15,33.98344384,-118.4619792,Townhouse,Entire home/apt,5,250,3,1125,357,f
17931035,39482052,10,34.10151501,-118.3295977,Apartment,Entire home/apt,2,88,1,1125,357,t
12087296,16463021,11,34.13103656,-118.3386393,House,Entire home/apt,8,825,5,365,358,f
15538048,47402576,13,34.02608789,-118.4791512,Apartment,Entire home/apt,3,169,5,1125,88,f
4604322,3470477,16,34.09112938,-118.360866,Apartment,Entire home/apt,4,115,2,90,7,f
2667340,13654176,10,34.09544317,-118.3351999,Apartment,Private room,3,46,1,1125,275,f
8365561,21537326,12,33.82098815,-118.2127349,House,Entire home/apt,4,93,5,1125,207,f
2735749,13998139,9,34.04266039,-118.2348702,Loft,Private room,2,90,1,1125,244,f
1309376,5540959,13,34.02631061,-118.4936912,Apartment,Entire home/apt,2,399,1,20,365,f
17154856,20693111,10,34.09241216,-118.325219,Condominium,Entire home/apt,2,150,2,1125,170,f
109689,117841,11,34.10978843,-118.3295781,House,Private room,1,61,3,90,299,f
669590,2622454,10,34.10129542,-118.3296419,Apartment,Private room,2,70,1,1125,317,f
2448276,3817898,12,33.76962321,-118.1857401,Apartment,Entire home/apt,2,90,3,365,293,t
961852,3636235,14,34.0845249,-118.2687995,House,Entire home/apt,4,399,5,30,55,f
18463055,58286290,10,34.0984819,-118.3421664,Apartment,Private room,2,48,1,1125,0,t
13030573,43133010,16,34.09035127,-118.3533739,House,Private room,2,98,1,1125,363,f
1110515,2279744,15,34.00449555,-118.4525978,House,Private room,2,75,1,30,356,t
2176963,3817898,12,33.7715697,-118.1834312,Apartment,Entire home/apt,4,125,2,1125,355,t
17047445,2558800,9,34.04780097,-118.2470371,Loft,Entire home/apt,4,100,1,1125,145,t
12158060,43274821,9,34.03889886,-118.2352424,Loft,Entire home/apt,16,249,1,1125,358,f
4284953,81607,12,33.75711827,-118.1397748,Townhouse,Entire home/apt,6,264,4,1125,332,f
10915406,20675797,9,34.04717822,-118.2519032,Loft,Entire home/apt,6,160,2,28,65,f
10554278,54437074,13,34.0146384,-118.4619171,Apartment,Private room,2,79,1,5,37,t
10525022,54268123,12,33.87069884,-118.1890233,House,Private room,2,95,3,1125,363,t
14593211,4366995,15,34.00768649,-118.4558436,House,Entire home/apt,8,399,2,45,265,f
14471440,16872262,9,34.04458955,-118.2549674,Loft,Entire home/apt,3,124,1,60,218,t
433762,2155564,12,33.77006663,-118.124722,House,Private room,6,125,1,1125,290,f
8907790,8168305,15,33.9877964,-118.4598807,Apartment,Private room,1,57,16,365,257,f
8926537,44951349,11,34.1169594,-118.3229371,Apartment,Entire home/apt,3,180,3,1125,354,f
4932026,15141956,15,33.98761181,-118.4653733,Apartment,Entire home/apt,2,219,4,30,359,f
14592041,90496466,13,34.00171377,-118.4837795,House,Private room,6,400,5,1125,276,f
16287929,70264119,10,34.10077465,-118.3335,Apartment,Entire home/apt,3,99,1,1125,312,t
17422671,117848079,15,33.99080565,-118.4707616,House,Entire home/apt,8,389,1,1125,311,t
12072995,21462427,11,34.11035076,-118.3435725,House,Entire home/apt,6,300,3,30,0,f
13928656,20779998,13,34.01765555,-118.4927976,Apartment,Entire home/apt,2,159,1,1125,238,t
17734127,22211728,15,33.99603284,-118.4716323,House,Entire home/apt,6,195,3,1125,280,t
16935363,112185104,10,34.09777818,-118.3407064,House,Shared room,1,23,1,1125,341,t
4654077,24091209,9,34.04067586,-118.2358189,Apartment,Entire home/apt,4,150,30,1125,364,f
15787259,196524,15,33.98324178,-118.467085,Apartment,Private room,1,70,3,1125,119,f
12813386,68690971,10,34.08644932,-118.3129713,House,Private room,1,39,1,1125,70,f
15005132,29160035,12,33.76550276,-118.1808185,Condominium,Entire home/apt,4,19,1,1125,364,f
8461543,17982407,10,34.10361958,-118.3154964,Apartment,Entire home/apt,4,82,1,1125,145,t
17367499,16093399,13,34.02397962,-118.4863217,Apartment,Entire home/apt,4,172,2,1125,315,t
15024836,40669525,12,33.76928086,-118.1422836,House,Entire home/apt,4,170,2,1125,73,f
18220107,125813150,14,34.07904909,-118.2788094,Guesthouse,Entire home/apt,2,70,2,1125,0,f
17850664,112185104,16,34.09181261,-118.3580292,House,Shared room,1,24,1,1125,365,t
10858959,56238747,10,34.08741058,-118.3395086,Apartment,Entire home/apt,3,98,2,1125,79,f
15833807,77535056,11,34.10692927,-118.3284025,House,Entire home/apt,6,273,2,14,160,t
17160326,112577204,11,34.10456815,-118.3402744,Apartment,Entire home/apt,2,140,2,1125,357,t
14406189,37169745,9,34.05731683,-118.2524898,Apartment,Private room,3,97,3,28,57,f
13466633,77002781,13,34.02346714,-118.462003,Apartment,Entire home/apt,6,200,1,1125,349,t
5860752,30430114,11,34.11452946,-118.330065,Other,Entire home/apt,5,195,4,1125,316,f
12613295,6640903,16,34.0928211,-118.3465816,Apartment,Entire home/apt,2,119,1,1125,298,f
12867241,44183153,15,33.99297162,-118.4791231,Apartment,Entire home/apt,16,299,1,1125,353,t
16271018,106411632,13,34.0231547,-118.4647299,Apartment,Shared room,1,35,1,365,56,f
17540907,103865324,15,33.97444253,-118.4639095,Apartment,Entire home/apt,2,140,2,1125,179,f
17814037,112185104,16,34.09101664,-118.3564918,House,Shared room,1,24,1,1125,299,t
15790468,44554663,12,33.77162289,-118.1640283,House,Entire home/apt,6,140,2,5,96,f
13772057,79700003,10,34.09773746,-118.3478036,Apartment,Private room,2,105,2,1125,178,f
15205467,68690971,10,34.08716187,-118.3149353,Tent,Private room,1,39,1,1125,87,f
16391338,90057584,9,34.05308375,-118.2514652,Apartment,Entire home/apt,4,125,1,1125,273,t
15873510,6528080,10,34.0958549,-118.3437868,Apartment,Entire home/apt,1,100,2,60,46,t
16767712,107587090,10,34.08382031,-118.314876,House,Private room,1,49,1,1125,363,f
14535589,28891032,15,33.9921279,-118.456845,House,Entire home/apt,6,305,1,28,151,t
3477847,2563156,15,33.98881644,-118.4652786,Apartment,Private room,1,85,1,1125,345,f
15408605,98657282,11,34.10467512,-118.3417326,Apartment,Entire home/apt,5,203,1,1125,20,f
13418948,76476556,9,34.06187951,-118.2483663,Apartment,Private room,2,80,1,28,61,t
15347357,97873154,12,33.77196862,-118.175098,Apartment,Private room,4,55,1,25,145,t
10672929,55130429,14,34.09252638,-118.2696702,House,Private room,1,60,6,1125,354,f
13378892,73200886,16,34.08934005,-118.3830387,Apartment,Entire home/apt,12,400,3,1125,306,f
5434484,15424151,15,33.99740879,-118.4683778,Apartment,Entire home/apt,6,198,1,1125,257,f
1453493,7796684,12,33.75883442,-118.134219,Apartment,Entire home/apt,2,130,2,90,300,f
16030505,39308085,9,34.0504776,-118.258533,Apartment,Private room,2,110,1,7,33,f
17775458,120916412,13,34.02700526,-118.4925473,Apartment,Entire home/apt,3,222,1,1125,348,t
13990220,61102524,16,34.09339282,-118.3778198,Condominium,Entire home/apt,2,189,5,60,40,f
13154696,73124050,12,33.76498033,-118.1885025,Apartment,Entire home/apt,4,99,1,14,116,t
13961222,68690971,10,34.0861011,-118.3142537,House,Private room,1,49,1,30,79,f
15589112,16644446,10,34.0969081,-118.3371168,Apartment,Entire home/apt,5,199,3,1125,176,f
3846873,19830269,13,34.01449729,-118.5000777,Apartment,Entire home/apt,3,199,1,1125,344,f
15223375,17734554,12,33.77743144,-118.1969321,Condominium,Entire home/apt,6,119,2,90,53,t
17016639,114053910,10,34.10018352,-118.3422258,Apartment,Entire home/apt,6,244,1,1125,84,t
11100426,49765,15,33.99359576,-118.4647766,House,Entire home/apt,5,285,4,1125,89,f
15302559,97303284,13,34.00588354,-118.4889304,Condominium,Entire home/apt,3,250,4,1125,133,t
3595022,15908796,11,34.10734612,-118.3285064,Apartment,Private room,2,100,1,1125,365,f
14640609,42238836,9,34.0319344,-118.2650362,Apartment,Entire home/apt,4,79,1,120,143,t
15495782,4630642,16,34.09343347,-118.3643893,Villa,Entire home/apt,10,750,3,1125,361,f
9562057,31148752,15,33.99134525,-118.4738097,House,Entire home/apt,4,375,2,1125,46,f
4286406,16577861,15,33.99688127,-118.4750175,Apartment,Entire home/apt,6,225,1,1125,308,f
13626614,77926474,13,34.0243556,-118.4602472,Townhouse,Private room,1,49,1,1125,365,f
9683720,50020903,15,33.98607187,-118.4560813,House,Entire home/apt,6,450,7,1125,300,f
10057031,51373404,15,34.00365662,-118.46032,House,Private room,3,80,1,1125,305,f
8292622,31554265,13,34.02090406,-118.4919263,Apartment,Entire home/apt,5,349,5,1125,317,t
17889862,121628761,10,34.09464899,-118.3368724,Apartment,Private room,2,85,1,1125,365,t
17370193,117388609,10,34.09248251,-118.3232095,Apartment,Entire home/apt,4,95,2,90,261,t
1722111,9078277,10,34.10067638,-118.3419051,Apartment,Entire home/apt,3,159,3,1125,361,f
13860092,81894298,10,34.10323533,-118.3494483,Apartment,Entire home/apt,4,160,2,1125,90,t
17702998,4556826,14,34.10314238,-118.2660033,Apartment,Private room,2,80,1,20,87,f
15344083,97840370,15,33.98896891,-118.4538662,Apartment,Entire home/apt,9,275,2,1125,339,f
3534897,16644446,10,34.10210729,-118.3312577,Apartment,Entire home/apt,6,249,3,90,180,f
15830500,70264119,10,34.09668161,-118.3234329,Apartment,Entire home/apt,3,99,1,1125,272,t
15941600,1709729,14,34.09425744,-118.2573435,House,Private room,2,160,1,1125,179,f
15057599,92995614,12,33.76693822,-118.1681568,House,Entire home/apt,6,125,3,1125,122,f
16301809,34279176,15,33.99667287,-118.4565021,Apartment,Entire home/apt,2,175,3,1125,206,t
3294293,16644446,10,34.10185894,-118.3275182,Apartment,Entire home/apt,3,299,3,90,365,f
17142233,107587090,10,34.08538482,-118.3133978,House,Private room,1,33,1,14,59,f
14454924,8353426,15,33.98774585,-118.472876,Apartment,Entire home/apt,8,300,1,1125,71,t
2278456,11635058,11,34.12285375,-118.3474516,House,Entire home/apt,4,325,7,1125,334,f
15805642,20905481,10,34.09831637,-118.3469876,Apartment,Entire home/apt,5,149,1,1125,251,f
11624712,9896419,13,34.00320078,-118.4843072,Apartment,Entire home/apt,4,199,5,1125,172,f
17832692,112185104,16,34.09022132,-118.3562969,House,Shared room,1,24,1,1125,365,t
15299900,64811326,15,33.98478176,-118.4694813,Apartment,Entire home/apt,5,220,3,1125,116,t
15452543,6640903,10,34.10209318,-118.3479688,Apartment,Entire home/apt,2,83,1,30,86,t
11441301,9233328,15,33.99544442,-118.4783052,House,Private room,1,80,2,60,336,f
10434356,53331260,15,33.99155785,-118.4668759,House,Entire home/apt,4,125,6,1125,325,f
1129704,352504,15,33.98992622,-118.4549404,House,Entire home/apt,3,125,50,60,240,f
8908851,46597673,13,34.02559022,-118.5042709,Apartment,Shared room,2,70,1,1125,362,f
16393237,107387523,12,33.76043844,-118.1515669,Apartment,Entire home/apt,2,113,2,15,66,t
12932661,47734626,16,34.08441951,-118.3798436,House,Entire home/apt,3,233,5,1125,343,f
9612396,7441368,10,34.09775649,-118.3465316,Apartment,Entire home/apt,5,189,1,1125,254,f
14965350,12243051,15,33.9896916,-118.4677011,Apartment,Entire home/apt,4,159,2,1125,107,t
15857033,102760651,10,34.09361571,-118.3117826,Apartment,Entire home/apt,5,175,1,3,179,t
17160343,107587090,10,34.08517719,-118.314475,House,Private room,1,35,1,1125,87,f
16887159,112185104,9,34.05110511,-118.2434136,House,Shared room,1,24,1,1125,320,t
1138379,6244634,15,33.98613538,-118.4675759,Loft,Entire home/apt,2,179,3,10,280,f
14449133,12243051,9,34.04447374,-118.2514433,Loft,Entire home/apt,4,119,2,1125,82,t
5538425,20779998,13,34.01627218,-118.4906275,Apartment,Entire home/apt,6,175,2,1125,56,t
16405360,84338442,16,34.0920861,-118.3748845,Apartment,Entire home/apt,2,190,2,1125,72,t
15357873,77535056,11,34.10717989,-118.3269483,Loft,Entire home/apt,3,129,2,14,122,t
12426725,64797091,15,33.99224772,-118.4678947,Apartment,Entire home/apt,5,230,3,1125,0,t
13563608,77926474,13,34.02711999,-118.4557286,Townhouse,Private room,1,64,1,999,179,f
17419508,60289113,10,34.10378383,-118.3322176,Apartment,Entire home/apt,5,105,1,1125,136,t
13413839,43196899,16,34.08938111,-118.3870175,Apartment,Entire home/apt,1,99,3,1125,285,f
525586,2567824,9,34.05344714,-118.242718,Loft,Entire home/apt,2,100,3,30,11,f
6729380,65610,15,33.97670572,-118.4639423,Apartment,Entire home/apt,4,125,5,1000,362,f
13157112,73455933,15,33.99676959,-118.4503613,Apartment,Entire home/apt,3,138,2,2,0,f
17976195,30310515,15,33.98846709,-118.4586762,House,Private room,8,89,1,1125,163,t
15821136,70264119,10,34.09989644,-118.3455555,Loft,Entire home/apt,4,189,1,1125,338,t
15550933,16577861,15,33.99869407,-118.4771353,Apartment,Entire home/apt,2,95,1,1125,355,f
8702051,45682715,10,34.10186059,-118.344023,Apartment,Private room,1,30,1,1125,334,f
15573146,95469270,10,34.09567373,-118.319375,Apartment,Private room,2,39,1,1125,176,t
8071757,16577861,15,33.99865158,-118.4769304,Apartment,Entire home/apt,2,110,1,1125,351,f
13715518,2093730,13,34.00351938,-118.4878214,Apartment,Entire home/apt,4,250,3,14,12,f
16479789,3097415,9,34.03871928,-118.2526437,Loft,Entire home/apt,4,150,3,31,13,f
11457843,60253649,9,34.02518961,-118.230047,Loft,Entire home/apt,16,250,1,1125,365,f
17160220,107587090,10,34.08391602,-118.3149681,House,Private room,1,35,1,1125,60,f
16661893,84144003,9,34.04259576,-118.2586378,Serviced apartment,Entire home/apt,6,175,1,1125,171,f
13603165,791970,13,34.01410223,-118.4801826,Loft,Entire home/apt,3,170,4,1125,30,f
16256112,603707,15,33.99624081,-118.4485336,House,Entire home/apt,8,380,7,77,32,f
6529597,11351063,15,33.9920723,-118.4702167,House,Entire home/apt,7,295,4,120,121,f
3946518,1771595,10,34.10445369,-118.3133999,House,Entire home/apt,4,109,3,1125,328,f
13762917,80707196,9,34.04739877,-118.2571395,Apartment,Entire home/apt,6,229,2,1125,146,f
